{
    "permissions": [
        {
            "user_id": "665b0c3a6063878a4d61ae3d",
            "username": "leo_axo",
            "permissions": [
                "emote",
                "teleport",
                "print",
                "say",
                "walk"
            ]
        },
        {
            "user_id": "665b0c3a6063878a4d61ae3d",
            "username": "leo_axo",
            "permissions": [
                "emote",
                "teleport",
                "print",
                "say",
                "walk"
            ]
        }
    ]
}